class,log_prior
0,-0.7022880120306061
1,-0.6840891476131992
